{"cameraMode":{"drawMode":0,"name":"Shaded","section":"Shading Mode"},"sceneLighting":true,"audioPlay":false,"sceneViewState":{"m_AlwaysRefresh":false,"showFog":true,"showSkybox":true,"showFlares":true,"showImageEffects":true,"showParticleSystems":true,"showVisualEffectGraphs":true,"m_FxEnabled":true},"in2DMode":false,"pivot":{"x":0.5709137916564941,"y":-0.4907711148262024,"z":1.786989450454712},"rotation":{"x":-0.10975895822048187,"y":-0.04678726568818092,"z":0.005188846029341221,"w":-0.9928569793701172},"size":4.573073387145996,"orthographic":false}