{"cameraMode":{"drawMode":0,"name":"Shaded","section":"Shading Mode"},"sceneLighting":true,"audioPlay":false,"sceneViewState":{"m_AlwaysRefresh":false,"showFog":true,"showSkybox":true,"showFlares":true,"showImageEffects":true,"showParticleSystems":true,"showVisualEffectGraphs":true,"m_FxEnabled":true},"in2DMode":false,"pivot":{"x":0.3608303666114807,"y":2.0154762268066408,"z":-2.307156562805176},"rotation":{"x":-0.30851075053215029,"y":0.03195025026798248,"z":-0.01036901492625475,"w":-0.9506297707557678},"size":9.051740646362305,"orthographic":false}